[
{
    "model": "cv.cv",
    "pk": 1,
    "fields": {
        "created_at": "2021-07-11T11:35:45.139Z",
        "updated_at": "2021-08-10T11:31:55.818Z",
        "user": 1,
        "last_name": "Баранов",
        "first_name": "Алексей",
        "middle_name": "Александрович",
        "photo": "cv/000/000/1/photo/54bc1e56ca34f965d1a5c7888f698d8b75d8ca15e98d1549af80d46dd1c0d2c9.jpg",
        "gender": "M",
        "birth_date": "1981-08-26",
        "country": 1,
        "city": 1,
        "citizenship": 1,
        "days_to_contact": null,
        "time_to_contact_from": null,
        "time_to_contact_to": null,
        "is_resource_owner": false,
        "is_verified": false,
        "competencies": [
            8,
            9,
            2,
            4,
            5
        ],
        "physical_limitations": []
    }
},
{
    "model": "cv.cv",
    "pk": 2,
    "fields": {
        "created_at": "2021-07-11T14:18:28.577Z",
        "updated_at": "2021-07-13T12:44:17.894Z",
        "user": null,
        "last_name": "Васин",
        "first_name": "Вася",
        "middle_name": null,
        "photo": "",
        "gender": "M",
        "birth_date": "2001-07-11",
        "country": 3,
        "city": 4,
        "citizenship": 1,
        "days_to_contact": null,
        "time_to_contact_from": null,
        "time_to_contact_to": null,
        "is_resource_owner": false,
        "is_verified": false,
        "competencies": [
            1,
            7
        ],
        "physical_limitations": []
    }
},
{
    "model": "cv.cv",
    "pk": 3,
    "fields": {
        "created_at": "2021-07-13T12:40:09.181Z",
        "updated_at": "2021-07-23T10:40:26.251Z",
        "user": null,
        "last_name": "Бржажек",
        "first_name": "Кшиштоф",
        "middle_name": "Кржижекович",
        "photo": "",
        "gender": "M",
        "birth_date": "1991-09-12",
        "country": 1,
        "city": 1,
        "citizenship": 2,
        "days_to_contact": null,
        "time_to_contact_from": null,
        "time_to_contact_to": null,
        "is_resource_owner": false,
        "is_verified": false,
        "competencies": [],
        "physical_limitations": []
    }
},
{
    "model": "cv.cv",
    "pk": 6,
    "fields": {
        "created_at": "2021-08-10T10:04:51.041Z",
        "updated_at": "2021-08-14T13:14:48.323Z",
        "user": null,
        "last_name": "Рыжков",
        "first_name": "Василий",
        "middle_name": null,
        "photo": "",
        "gender": "M",
        "birth_date": "2021-08-10",
        "country": null,
        "city": null,
        "citizenship": null,
        "days_to_contact": null,
        "time_to_contact_from": null,
        "time_to_contact_to": null,
        "is_resource_owner": false,
        "is_verified": false,
        "competencies": [
            8,
            7
        ],
        "physical_limitations": [
            1
        ]
    }
},
{
    "model": "cv.cv",
    "pk": 12,
    "fields": {
        "created_at": "2021-08-14T13:51:37.670Z",
        "updated_at": "2021-08-14T14:08:27.103Z",
        "user": null,
        "last_name": "Нестерова",
        "first_name": "Юля",
        "middle_name": "Ильинична",
        "photo": "cv/000/001/2/photo/395763367a97f5433043488c39cec74c59bd2a8c9ab83877d3904624a3248aab.gif",
        "gender": "F",
        "birth_date": "2021-08-14",
        "country": 1,
        "city": 1,
        "citizenship": 1,
        "days_to_contact": null,
        "time_to_contact_from": null,
        "time_to_contact_to": null,
        "is_resource_owner": true,
        "is_verified": false,
        "competencies": [
            1,
            2
        ],
        "physical_limitations": [
            1,
            2
        ]
    }
},
{
    "model": "cv.cvcontact",
    "pk": 1,
    "fields": {
        "created_at": "2021-07-11T14:05:38.662Z",
        "updated_at": "2021-08-13T13:07:07.610Z",
        "cv": 1,
        "contact_type": 2,
        "value": "atlantij@gmail.com",
        "is_primary": false,
        "comment": ""
    }
},
{
    "model": "cv.cvcontact",
    "pk": 2,
    "fields": {
        "created_at": "2021-07-11T14:06:12.728Z",
        "updated_at": "2021-07-11T14:06:12.728Z",
        "cv": 1,
        "contact_type": 1,
        "value": "+79262069959",
        "is_primary": true,
        "comment": ""
    }
},
{
    "model": "cv.cvcontact",
    "pk": 3,
    "fields": {
        "created_at": "2021-07-13T12:09:52.474Z",
        "updated_at": "2021-07-13T12:09:52.474Z",
        "cv": 2,
        "contact_type": 2,
        "value": "vasya@vasiliy.com",
        "is_primary": true,
        "comment": ""
    }
},
{
    "model": "cv.cvcontact",
    "pk": 4,
    "fields": {
        "created_at": "2021-07-13T12:09:52.505Z",
        "updated_at": "2021-07-13T12:09:52.505Z",
        "cv": 2,
        "contact_type": 1,
        "value": "02",
        "is_primary": true,
        "comment": ""
    }
},
{
    "model": "cv.cvcontact",
    "pk": 5,
    "fields": {
        "created_at": "2021-07-13T12:16:05.223Z",
        "updated_at": "2021-07-13T12:17:28.239Z",
        "cv": 1,
        "contact_type": 2,
        "value": "baranov@digitalmigital.ru",
        "is_primary": false,
        "comment": ""
    }
},
{
    "model": "cv.cvcontact",
    "pk": 7,
    "fields": {
        "created_at": "2021-07-23T09:51:57.867Z",
        "updated_at": "2021-07-23T09:51:57.867Z",
        "cv": 3,
        "contact_type": 2,
        "value": "kshishtof@kremlin.org",
        "is_primary": true,
        "comment": ""
    }
},
{
    "model": "cv.cvcontact",
    "pk": 8,
    "fields": {
        "created_at": "2021-07-23T09:53:03.283Z",
        "updated_at": "2021-07-23T09:53:03.283Z",
        "cv": 3,
        "contact_type": 4,
        "value": "/kakshik",
        "is_primary": false,
        "comment": ""
    }
},
{
    "model": "cv.cvcontact",
    "pk": 16,
    "fields": {
        "created_at": "2021-08-10T10:09:08.475Z",
        "updated_at": "2021-08-10T10:09:08.475Z",
        "cv": 2,
        "contact_type": 1,
        "value": "string",
        "is_primary": false,
        "comment": null
    }
},
{
    "model": "cv.cvcontact",
    "pk": 17,
    "fields": {
        "created_at": "2021-08-10T10:09:13.311Z",
        "updated_at": "2021-08-10T10:09:13.311Z",
        "cv": 3,
        "contact_type": 1,
        "value": "string",
        "is_primary": false,
        "comment": null
    }
},
{
    "model": "cv.cvcontact",
    "pk": 20,
    "fields": {
        "created_at": "2021-08-10T10:11:32.551Z",
        "updated_at": "2021-08-10T10:11:32.551Z",
        "cv": 6,
        "contact_type": 2,
        "value": "213",
        "is_primary": false,
        "comment": ""
    }
},
{
    "model": "cv.cvcontact",
    "pk": 23,
    "fields": {
        "created_at": "2021-08-10T10:16:26.311Z",
        "updated_at": "2021-08-10T10:16:26.311Z",
        "cv": 6,
        "contact_type": 1,
        "value": "2222",
        "is_primary": false,
        "comment": null
    }
},
{
    "model": "cv.cvcontact",
    "pk": 24,
    "fields": {
        "created_at": "2021-08-14T14:04:07.897Z",
        "updated_at": "2021-08-14T14:05:08.422Z",
        "cv": 12,
        "contact_type": 2,
        "value": "asd@qwe.com",
        "is_primary": true,
        "comment": null
    }
},
{
    "model": "cv.cvtimeslot",
    "pk": 1,
    "fields": {
        "created_at": "2021-07-11T14:11:26.058Z",
        "updated_at": "2021-07-11T14:11:26.058Z",
        "cv": 1,
        "date_from": "2021-07-11",
        "date_to": "2021-07-31",
        "country": 1,
        "city": 1,
        "type_of_employment": 5,
        "price": 50.0,
        "is_work_permit_required": false,
        "description": ""
    }
},
{
    "model": "cv.cvtimeslot",
    "pk": 2,
    "fields": {
        "created_at": "2021-07-13T12:10:24.083Z",
        "updated_at": "2021-07-13T12:10:24.083Z",
        "cv": 2,
        "date_from": "2021-07-01",
        "date_to": "2021-08-13",
        "country": 2,
        "city": 3,
        "type_of_employment": 6,
        "price": 250.0,
        "is_work_permit_required": false,
        "description": ""
    }
},
{
    "model": "cv.cvtimeslot",
    "pk": 3,
    "fields": {
        "created_at": "2021-07-13T12:57:48.380Z",
        "updated_at": "2021-07-13T12:57:48.380Z",
        "cv": 1,
        "date_from": "2022-07-13",
        "date_to": "2022-08-13",
        "country": null,
        "city": null,
        "type_of_employment": 1,
        "price": 1000.0,
        "is_work_permit_required": false,
        "description": null
    }
},
{
    "model": "cv.cvtimeslot",
    "pk": 4,
    "fields": {
        "created_at": "2021-07-23T09:53:03.291Z",
        "updated_at": "2021-07-23T09:53:03.291Z",
        "cv": 3,
        "date_from": "2021-06-23",
        "date_to": "2021-08-23",
        "country": null,
        "city": null,
        "type_of_employment": null,
        "price": 2500.0,
        "is_work_permit_required": true,
        "description": ""
    }
},
{
    "model": "cv.cvtimeslot",
    "pk": 5,
    "fields": {
        "created_at": "2021-08-14T14:02:08.754Z",
        "updated_at": "2021-08-14T14:02:08.754Z",
        "cv": 12,
        "date_from": "2020-08-14",
        "date_to": "2021-08-14",
        "country": 1,
        "city": 2,
        "type_of_employment": 3,
        "price": 1050.0,
        "is_work_permit_required": true,
        "description": "string"
    }
},
{
    "model": "cv.cvposition",
    "pk": 1,
    "fields": {
        "created_at": "2021-07-23T09:51:02.081Z",
        "updated_at": "2021-07-23T09:51:02.082Z",
        "cv": 3,
        "position": 2,
        "competencies": [
            8,
            9
        ]
    }
},
{
    "model": "cv.cvposition",
    "pk": 2,
    "fields": {
        "created_at": "2021-07-26T18:59:45.962Z",
        "updated_at": "2021-07-26T18:59:45.962Z",
        "cv": 1,
        "position": 4,
        "competencies": [
            8,
            1,
            4
        ]
    }
},
{
    "model": "cv.cvposition",
    "pk": 4,
    "fields": {
        "created_at": "2021-07-27T18:12:14.575Z",
        "updated_at": "2021-07-27T18:12:14.575Z",
        "cv": 3,
        "position": 1,
        "competencies": [
            1,
            2
        ]
    }
},
{
    "model": "cv.cvposition",
    "pk": 5,
    "fields": {
        "created_at": "2021-08-10T10:59:23.419Z",
        "updated_at": "2021-08-10T10:59:23.419Z",
        "cv": 1,
        "position": 1,
        "competencies": []
    }
},
{
    "model": "cv.cvposition",
    "pk": 6,
    "fields": {
        "created_at": "2021-08-14T14:00:12.617Z",
        "updated_at": "2021-08-14T14:00:12.617Z",
        "cv": 12,
        "position": 1,
        "competencies": [
            6,
            7
        ]
    }
},
{
    "model": "cv.cvpositionfile",
    "pk": 3,
    "fields": {
        "created_at": "2021-07-23T10:40:26.504Z",
        "updated_at": "2021-07-23T10:40:26.504Z",
        "file_name": null,
        "cv_position": 1,
        "file": "cv/000/000/3/position/19073cd12eeecec71c33d1eadfbd4b3e14459fc688b492e89608d39dd54a90e2.docx"
    }
},
{
    "model": "cv.cvpositionfile",
    "pk": 4,
    "fields": {
        "created_at": "2021-08-10T08:26:57.164Z",
        "updated_at": "2021-08-10T08:26:57.164Z",
        "file_name": null,
        "cv_position": 1,
        "file": "cv/000/000/3/position/779687da6dd061ab7a2f3686e4a17ab5f9a9f94dc72fc8d8111601bbe9e3e116.docx"
    }
},
{
    "model": "cv.cvpositionfile",
    "pk": 7,
    "fields": {
        "created_at": "2021-08-10T08:35:16.665Z",
        "updated_at": "2021-08-10T08:35:16.665Z",
        "file_name": null,
        "cv_position": 1,
        "file": "cv/000/000/3/position/d5dce70fc5741ffd02d12c3258e0eaefb66defc44d0b2db1300590eb16a1e1ab.docx"
    }
},
{
    "model": "cv.cvpositionfile",
    "pk": 9,
    "fields": {
        "created_at": "2021-08-10T08:48:27.831Z",
        "updated_at": "2021-08-10T08:48:27.831Z",
        "file_name": null,
        "cv_position": 1,
        "file": "cv/000/000/3/position/1ba59257b5e2901b9f50cbc65747f72378e5069efa24f252367c7e81602e1702.docx"
    }
},
{
    "model": "cv.cvpositionfile",
    "pk": 10,
    "fields": {
        "created_at": "2021-08-10T08:49:11.213Z",
        "updated_at": "2021-08-10T08:49:11.213Z",
        "file_name": "примеры алеф вак",
        "cv_position": 1,
        "file": "cv/000/000/3/position/bf6c243b3b0c1659584226f269881a9e5c74b39eb0a06c191745d8b280ffc5bb.docx"
    }
},
{
    "model": "cv.cvpositionfile",
    "pk": 11,
    "fields": {
        "created_at": "2021-08-10T08:52:14.511Z",
        "updated_at": "2021-08-10T08:52:14.511Z",
        "file_name": "Структура цифрового профиля final",
        "cv_position": 2,
        "file": "cv/000/000/1/position/aebf717f16d25ed1b08a3adec16415263fd1d8797ebe3f2b609b66055f15d6cf.docx"
    }
},
{
    "model": "cv.cvpositionfile",
    "pk": 13,
    "fields": {
        "created_at": "2021-08-10T09:09:37.544Z",
        "updated_at": "2021-08-10T09:09:37.544Z",
        "file_name": "todo",
        "cv_position": 2,
        "file": "cv/000/000/1/position/1489c86123fc8f54f12cb7b12dd79a06c2f3b439f659e4a6209e7420fb674bb0.txt"
    }
},
{
    "model": "cv.cvpositionfile",
    "pk": 15,
    "fields": {
        "created_at": "2021-08-10T09:46:41.691Z",
        "updated_at": "2021-08-10T09:46:41.691Z",
        "file_name": "2021-08-09_114307",
        "cv_position": 2,
        "file": "cv/000/000/1/position/4972d471029697d291735da4735b5dbd8588cad77d9283be7b55347eba532e6d.png"
    }
},
{
    "model": "cv.cvpositionfile",
    "pk": 16,
    "fields": {
        "created_at": "2021-08-10T11:00:17.121Z",
        "updated_at": "2021-08-10T11:00:17.121Z",
        "file_name": "token",
        "cv_position": 5,
        "file": "cv/000/000/1/position/e17dcc4e417f7636bb166d8f4fc8d88040660a5b4cd1ef93bb1151e43844b328.txt"
    }
},
{
    "model": "cv.cvpositionfile",
    "pk": 17,
    "fields": {
        "created_at": "2021-08-14T14:00:44.744Z",
        "updated_at": "2021-08-14T14:00:44.744Z",
        "file_name": "примеры алеф вак",
        "cv_position": 6,
        "file": "cv/000/001/2/position/39e3834126022d735b43a21728b310f6c51abdffa3e133c7ebef487e2a61b3bc.docx"
    }
},
{
    "model": "cv.cvcareer",
    "pk": 1,
    "fields": {
        "created_at": "2021-08-10T09:41:50.324Z",
        "updated_at": "2021-08-10T09:41:50.324Z",
        "cv": 1,
        "date_from": "2008-08-10",
        "date_to": "2021-08-10",
        "organization": 3,
        "position": 4,
        "description": "",
        "is_verified": false,
        "competencies": [
            8,
            9,
            1
        ],
        "projects": [
            4,
            3
        ]
    }
},
{
    "model": "cv.cvcareer",
    "pk": 2,
    "fields": {
        "created_at": "2021-08-10T09:48:04.282Z",
        "updated_at": "2021-08-10T09:51:08.667Z",
        "cv": 1,
        "date_from": "2010-08-10",
        "date_to": "2021-08-10",
        "organization": 1,
        "position": 1,
        "description": "string string \r\nasd",
        "is_verified": true,
        "competencies": [
            1,
            2
        ],
        "projects": []
    }
},
{
    "model": "cv.cvcareer",
    "pk": 5,
    "fields": {
        "created_at": "2021-08-10T09:55:38.740Z",
        "updated_at": "2021-08-10T09:55:38.741Z",
        "cv": 1,
        "date_from": "2011-08-10",
        "date_to": "2021-08-10",
        "organization": 1,
        "position": 1,
        "description": null,
        "is_verified": false,
        "competencies": [],
        "projects": []
    }
},
{
    "model": "cv.cvcareer",
    "pk": 6,
    "fields": {
        "created_at": "2021-08-14T13:56:10.570Z",
        "updated_at": "2021-08-14T13:56:10.570Z",
        "cv": 12,
        "date_from": "2021-08-14",
        "date_to": "2021-08-14",
        "organization": 1,
        "position": 1,
        "description": "string",
        "is_verified": true,
        "competencies": [
            3,
            4
        ],
        "projects": [
            1
        ]
    }
},
{
    "model": "cv.cvcareerfile",
    "pk": 2,
    "fields": {
        "created_at": "2021-08-10T09:50:55.490Z",
        "updated_at": "2021-08-10T09:50:55.490Z",
        "file_name": "Приглашение на позицию Ахитектора",
        "cv_career": 1,
        "file": "cv/000/000/1/career/56dc7cbb09b5bdec13086088d6d339e9137fce13feef57f8f30082f590d65078.pdf"
    }
},
{
    "model": "cv.cvcareerfile",
    "pk": 3,
    "fields": {
        "created_at": "2021-08-10T09:51:38.408Z",
        "updated_at": "2021-08-10T09:51:38.408Z",
        "file_name": "out_rec_repl",
        "cv_career": 1,
        "file": "cv/000/000/1/career/b7c31e4b62ce76fe03cbd34de2a5a1d10eed169f991299247a8777df1b3d005f.seq"
    }
},
{
    "model": "cv.cvcareerfile",
    "pk": 4,
    "fields": {
        "created_at": "2021-08-14T13:56:27.771Z",
        "updated_at": "2021-08-14T13:56:27.771Z",
        "file_name": "Резюме",
        "cv_career": 6,
        "file": "cv/000/001/2/career/95e8a6c798ec61a39e1133f2f2faa417d3e56a178a3fd35658de45f2e230093c.pdf"
    }
},
{
    "model": "cv.cvproject",
    "pk": 1,
    "fields": {
        "created_at": "2021-08-14T15:02:26.719Z",
        "updated_at": "2021-08-14T15:02:26.719Z",
        "cv": 12,
        "name": "WebCam portal",
        "date_from": "2011-08-14",
        "date_to": "2021-08-14",
        "organization": 1,
        "position": 1,
        "industry_sector": 1,
        "description": "WOW",
        "is_verified": true,
        "competencies": [
            1,
            2
        ]
    }
},
{
    "model": "cv.cveducation",
    "pk": 1,
    "fields": {
        "created_at": "2021-08-10T11:31:56.995Z",
        "updated_at": "2021-08-10T11:31:56.995Z",
        "cv": 1,
        "date_from": "2010-08-10",
        "date_to": "2021-08-10",
        "is_verified": true,
        "description": "dfsadf\r\nwww",
        "education_place": 3,
        "education_speciality": 3,
        "education_graduate": 4,
        "competencies": [
            6
        ]
    }
},
{
    "model": "cv.cveducation",
    "pk": 2,
    "fields": {
        "created_at": "2021-08-10T11:35:32.235Z",
        "updated_at": "2021-08-10T11:35:32.235Z",
        "cv": 1,
        "date_from": "2021-08-10",
        "date_to": "2021-08-10",
        "is_verified": true,
        "description": "string",
        "education_place": 1,
        "education_speciality": 1,
        "education_graduate": 1,
        "competencies": []
    }
},
{
    "model": "cv.cveducation",
    "pk": 3,
    "fields": {
        "created_at": "2021-08-14T13:59:37.474Z",
        "updated_at": "2021-08-14T13:59:37.474Z",
        "cv": 12,
        "date_from": "2021-08-14",
        "date_to": "2021-08-14",
        "is_verified": true,
        "description": "string",
        "education_place": 2,
        "education_speciality": 2,
        "education_graduate": 2,
        "competencies": [
            1,
            5
        ]
    }
},
{
    "model": "cv.cvcertificate",
    "pk": 1,
    "fields": {
        "created_at": "2021-08-10T11:41:21.787Z",
        "updated_at": "2021-08-10T11:41:21.787Z",
        "cv": 1,
        "date": "2021-08-10",
        "is_verified": true,
        "name": "name",
        "number": "number",
        "description": "description",
        "education_place": 1,
        "education_speciality": 1,
        "education_graduate": 1,
        "competencies": [
            1,
            2
        ]
    }
},
{
    "model": "cv.cvcertificate",
    "pk": 2,
    "fields": {
        "created_at": "2021-08-14T13:55:30.130Z",
        "updated_at": "2021-08-14T13:55:30.130Z",
        "cv": 12,
        "date": "2021-08-14",
        "is_verified": true,
        "name": "string",
        "number": "string",
        "description": "string",
        "education_place": 1,
        "education_speciality": 1,
        "education_graduate": 1,
        "competencies": [
            3,
            4
        ]
    }
},
{
    "model": "cv.cvfile",
    "pk": 1,
    "fields": {
        "created_at": "2021-08-14T13:53:22.191Z",
        "updated_at": "2021-08-14T13:53:22.191Z",
        "file_name": "примеры алеф вак",
        "cv": 12,
        "file": "cv/000/001/2/file/c0df5e6883c8216b35486782dff0416a290f108ce27ecf80a2dc733b11570bb3.docx"
    }
}
]
