[{"model": "cv.cv", "pk": 1, "fields": {"created_at": "2021-08-20T15:49:08.286Z", "updated_at": "2021-08-20T16:03:57.455Z", "user": null, "last_name": "resume_13083889", "first_name": null, "middle_name": null, "photo": "", "gender": "M", "birth_date": "1992-08-20", "country": 1, "city": 5, "citizenship": 1, "days_to_contact": null, "time_to_contact_from": null, "time_to_contact_to": null, "is_resource_owner": false, "is_verified": false, "about": "Русский - родной\r\nАнглийский - базовые знания", "competencies": [650, 685, 686, 687, 700, 221, 220, 249, 252], "physical_limitations": []}}, {"model": "cv.cv", "pk": 2, "fields": {"created_at": "2021-08-20T16:03:25.717Z", "updated_at": "2021-08-20T16:11:53.874Z", "user": null, "last_name": "resume_13084800", "first_name": null, "middle_name": null, "photo": "", "gender": "M", "birth_date": "1985-08-20", "country": 1, "city": 1, "citizenship": 1, "days_to_contact": null, "time_to_contact_from": null, "time_to_contact_to": null, "is_resource_owner": false, "is_verified": false, "about": "Русский - родной\r\nАнглийский - читаю профессиональную литературу\r\nОбучаемость", "competencies": [516, 532, 644], "physical_limitations": []}}, {"model": "cv.cv", "pk": 3, "fields": {"created_at": "2021-08-20T16:18:34.574Z", "updated_at": "2021-08-20T16:21:57.125Z", "user": null, "last_name": "resume_13151149", "first_name": null, "middle_name": null, "photo": "", "gender": null, "birth_date": null, "country": 3, "city": null, "citizenship": null, "days_to_contact": null, "time_to_contact_from": null, "time_to_contact_to": null, "is_resource_owner": false, "is_verified": false, "about": "", "competencies": [314, 219, 220, 739, 153, 419, 495, 211, 212, 427, 435, 259, 262, 32, 5, 48], "physical_limitations": []}}, {"model": "cv.cv", "pk": 4, "fields": {"created_at": "2021-08-20T16:32:16.758Z", "updated_at": "2021-08-20T16:39:29.567Z", "user": null, "last_name": "resume_13174135", "first_name": null, "middle_name": null, "photo": "", "gender": "M", "birth_date": "1989-08-20", "country": 1, "city": 1, "citizenship": null, "days_to_contact": null, "time_to_contact_from": null, "time_to_contact_to": null, "is_resource_owner": false, "is_verified": false, "about": "Русский - родной\r\nАнглийский - свободно владею\r\nФранцузский - базовые знания\r\n\r\n\r\n\r\n\r\nЛичные качества: коммуникабельный, исполнительный, трудолюбивый, стрессоустойчивый, целеустремлённый, аккуратный, обучаюсь быстро.\r\n\r\nЗнания информационных технологий:\r\n- настройка работы компьютерных сетей (понимание модели OSI);\r\n- администрирование ОС и сети компьютеров п.у. Linux, FreeBSD и Windows;\r\n- автоматизация процессов составлением скриптов (bash/py);\r\n- имею различные базовые знания в разных областях: HTML и CSS; работа различных СУБД (больше всего опыта с MySQL); работа web-серверов.", "competencies": [268, 270, 269, 560, 280, 553, 571, 362, 250, 627, 2], "physical_limitations": []}}, {"model": "cv.cv", "pk": 5, "fields": {"created_at": "2021-08-20T16:49:53.996Z", "updated_at": "2021-08-20T16:51:39.972Z", "user": null, "last_name": "resume_13263281", "first_name": null, "middle_name": null, "photo": "", "gender": "M", "birth_date": "1985-08-20", "country": 1, "city": 2, "citizenship": 1, "days_to_contact": null, "time_to_contact_from": null, "time_to_contact_to": null, "is_resource_owner": false, "is_verified": false, "about": "Русский - родной\r\nАнглийский - могу проходить интервью\r\n\r\nПривык работать до победного завершения проекта. \r\nХороший навык самообучения, коммуникабельный, тактичный, стрессоустойчивый, трудолюбивый.", "competencies": [314, 313, 333, 220, 249, 250, 15, 5], "physical_limitations": []}}, {"model": "cv.cv", "pk": 6, "fields": {"created_at": "2021-08-20T16:56:11.824Z", "updated_at": "2021-08-20T16:56:11.824Z", "user": null, "last_name": "resume_15616332", "first_name": null, "middle_name": null, "photo": "", "gender": "M", "birth_date": "1992-08-20", "country": null, "city": null, "citizenship": null, "days_to_contact": null, "time_to_contact_from": null, "time_to_contact_to": null, "is_resource_owner": false, "is_verified": false, "about": "", "competencies": [], "physical_limitations": []}}, {"model": "cv.cv", "pk": 7, "fields": {"created_at": "2021-08-20T17:03:54.044Z", "updated_at": "2021-08-20T17:06:47.251Z", "user": null, "last_name": "resume_16359551", "first_name": null, "middle_name": null, "photo": "", "gender": null, "birth_date": null, "country": 1, "city": 1, "citizenship": null, "days_to_contact": null, "time_to_contact_from": null, "time_to_contact_to": null, "is_resource_owner": false, "is_verified": false, "about": "Systems Analyst / Business Analyst with 4.5+ years of experience in elicitation,\r\nevaluation and documentation of business, user and functional requirements,\r\nprototyping and modeling business process. Person who can deal with\r\nstakeholders to understand their needs and formalize elicited wishes into the\r\nrequirements. Has experience in working closely with team members to ensure\r\ntechnical compatibility and stakeholders’ satisfaction. Understands project lifecycle principles. Has knowledge in database design. Skilled in integrating existing\r\nsystems. Good knowledge of banking area.", "competencies": [685, 694, 221, 739, 706, 709, 609, 610, 212, 618, 616, 372, 236, 249, 252, 257, 633], "physical_limitations": []}}, {"model": "cv.cv", "pk": 8, "fields": {"created_at": "2021-08-20T17:16:35.036Z", "updated_at": "2021-08-20T17:16:58.442Z", "user": null, "last_name": "resume_16571814", "first_name": null, "middle_name": null, "photo": "", "gender": "M", "birth_date": "1987-08-20", "country": 1, "city": 1, "citizenship": 1, "days_to_contact": null, "time_to_contact_from": null, "time_to_contact_to": null, "is_resource_owner": false, "is_verified": false, "about": "Русский - родной\r\nАнглийский - базовые знания\r\n\r\nЗанимаюсь Android разработкой с 2012 года. За это время написал десятки тысяч строк кода и реализовал десятки проектов. Примеры приложении в Google Play: \r\nhttps://play.google.com/store/apps/details?id=ru.omdroid.DebtCalc\r\nhttps://play.google.com/store/apps/details?id=ru.omdoid.greatquotes\r\n.\r\nhttps://play.google.com/store/apps/details?id=ru.cctld.internetigra\r\n - фриланс.\r\nhttps://play.google.com/store/apps/details?id=ru.app.dentalevent\r\n - фриланс.\r\nПример кода - https://\r\nBolid@bitbucket.org/Bolid/gitclient.git\r\nЛичные качества: пунктуальный, ответственный, нацеленный на результат.\r\nУвлечение: футбол, чтение, программирование.\r\nЖенат, двое детей.\r\nБез вредных привычек.", "competencies": [314, 220, 153, 495, 361, 259, 261, 5, 48], "physical_limitations": []}}, {"model": "cv.cv", "pk": 9, "fields": {"created_at": "2021-08-20T17:25:17.066Z", "updated_at": "2021-08-20T17:25:17.066Z", "user": null, "last_name": "resume_16652184", "first_name": null, "middle_name": null, "photo": "", "gender": null, "birth_date": "1993-08-20", "country": 1, "city": 6, "citizenship": null, "days_to_contact": null, "time_to_contact_from": null, "time_to_contact_to": null, "is_resource_owner": false, "is_verified": false, "about": "Разработчик с почти 2,5 годами опыта. В данный момент работаю в нефтегазовой отросли в качестве Full Stack разработчика Java/Angular работая над web приложением для внутреннего использования. \r\nГотов рассмативать предложения.\r\n\r\nПредпочитаемые способы связи: Email, Telegram.\r\n\r\n\r\nПримеры кода в открытом доступе:\r\nTODO CRUD app (Nest.js, PostgreSQL, TypeORM) с функцией авторизации: https://github.com/KitEA/nestjs-task-management\r\n\r\n\r\nTV shows list (React, Redux):\r\nКод: https://github.com/KitEA/tvshowslist/tree/master\r\nДеплой: https://kitea.github.io/tvshowslist/", "competencies": [317, 342, 220, 419, 361, 389, 82, 385, 386, 427, 257, 5, 451, 61], "physical_limitations": []}}, {"model": "cv.cvtimeslot", "pk": 1, "fields": {"created_at": "2021-08-20T15:49:08.984Z", "updated_at": "2021-08-20T15:49:08.984Z", "cv": 1, "date_from": "2010-08-20", "date_to": "2030-08-20", "country": null, "city": null, "type_of_employment": 1, "price": null, "is_work_permit_required": false, "description": ""}}, {"model": "cv.cvtimeslot", "pk": 2, "fields": {"created_at": "2021-08-20T16:04:33.592Z", "updated_at": "2021-08-20T16:04:33.592Z", "cv": 2, "date_from": "2010-08-20", "date_to": "2030-08-20", "country": null, "city": null, "type_of_employment": 3, "price": null, "is_work_permit_required": false, "description": ""}}, {"model": "cv.cvtimeslot", "pk": 3, "fields": {"created_at": "2021-08-20T16:32:17.009Z", "updated_at": "2021-08-20T16:32:17.009Z", "cv": 4, "date_from": "2010-08-20", "date_to": "2030-08-20", "country": null, "city": null, "type_of_employment": 3, "price": null, "is_work_permit_required": false, "description": ""}}, {"model": "cv.cvtimeslot", "pk": 4, "fields": {"created_at": "2021-08-20T16:32:17.026Z", "updated_at": "2021-08-20T16:32:17.026Z", "cv": 4, "date_from": "2010-08-20", "date_to": "2030-08-20", "country": null, "city": null, "type_of_employment": 4, "price": null, "is_work_permit_required": false, "description": ""}}, {"model": "cv.cvtimeslot", "pk": 5, "fields": {"created_at": "2021-08-20T16:49:54.167Z", "updated_at": "2021-08-20T16:49:54.167Z", "cv": 5, "date_from": "2010-08-20", "date_to": "2030-08-20", "country": null, "city": null, "type_of_employment": 3, "price": null, "is_work_permit_required": false, "description": ""}}, {"model": "cv.cvtimeslot", "pk": 6, "fields": {"created_at": "2021-08-20T17:03:54.221Z", "updated_at": "2021-08-20T17:03:54.221Z", "cv": 7, "date_from": "2020-08-20", "date_to": "2030-08-20", "country": null, "city": null, "type_of_employment": 1, "price": null, "is_work_permit_required": false, "description": ""}}, {"model": "cv.cvtimeslot", "pk": 7, "fields": {"created_at": "2021-08-20T17:03:54.237Z", "updated_at": "2021-08-20T17:03:54.237Z", "cv": 7, "date_from": "2020-08-20", "date_to": "2030-08-20", "country": null, "city": null, "type_of_employment": 3, "price": null, "is_work_permit_required": false, "description": ""}}, {"model": "cv.cvtimeslot", "pk": 8, "fields": {"created_at": "2021-08-20T17:03:54.252Z", "updated_at": "2021-08-20T17:03:54.252Z", "cv": 7, "date_from": "2030-08-20", "date_to": "2030-08-20", "country": null, "city": null, "type_of_employment": 4, "price": null, "is_work_permit_required": false, "description": ""}}, {"model": "cv.cvtimeslot", "pk": 9, "fields": {"created_at": "2021-08-20T17:03:54.267Z", "updated_at": "2021-08-20T17:03:54.267Z", "cv": 7, "date_from": "2030-08-20", "date_to": "2030-08-20", "country": null, "city": null, "type_of_employment": 2, "price": null, "is_work_permit_required": false, "description": ""}}, {"model": "cv.cvtimeslot", "pk": 10, "fields": {"created_at": "2021-08-20T17:25:17.374Z", "updated_at": "2021-08-20T17:25:17.374Z", "cv": 9, "date_from": "2010-08-20", "date_to": "2030-08-20", "country": null, "city": null, "type_of_employment": 3, "price": null, "is_work_permit_required": false, "description": ""}}, {"model": "cv.cvposition", "pk": 1, "fields": {"created_at": "2021-08-20T15:51:09.397Z", "updated_at": "2021-08-20T15:51:09.397Z", "cv": 1, "title": "Разработчик", "position": null, "competencies": []}}, {"model": "cv.cvposition", "pk": 2, "fields": {"created_at": "2021-08-20T16:03:26.032Z", "updated_at": "2021-08-20T16:03:26.032Z", "cv": 2, "title": "Консультант SAP RE-FX/Руководитель рабочей группы RE-FX", "position": null, "competencies": []}}, {"model": "cv.cvposition", "pk": 3, "fields": {"created_at": "2021-08-20T16:18:34.949Z", "updated_at": "2021-08-20T16:18:34.949Z", "cv": 3, "title": null, "position": 28, "competencies": []}}, {"model": "cv.cvposition", "pk": 4, "fields": {"created_at": "2021-08-20T16:32:17.043Z", "updated_at": "2021-08-20T16:32:17.043Z", "cv": 4, "title": null, "position": 29, "competencies": []}}, {"model": "cv.cvposition", "pk": 5, "fields": {"created_at": "2021-08-20T16:49:54.182Z", "updated_at": "2021-08-20T16:49:54.182Z", "cv": 5, "title": null, "position": 28, "competencies": []}}, {"model": "cv.cvposition", "pk": 6, "fields": {"created_at": "2021-08-20T16:56:11.983Z", "updated_at": "2021-08-20T16:56:11.983Z", "cv": 6, "title": "Разработчик авто-тестов", "position": 23, "competencies": []}}, {"model": "cv.cvposition", "pk": 7, "fields": {"created_at": "2021-08-20T17:03:54.282Z", "updated_at": "2021-08-20T17:03:54.282Z", "cv": 7, "title": null, "position": 10, "competencies": []}}, {"model": "cv.cvposition", "pk": 8, "fields": {"created_at": "2021-08-20T17:16:35.416Z", "updated_at": "2021-08-20T17:16:35.416Z", "cv": 8, "title": null, "position": 31, "competencies": []}}, {"model": "cv.cvposition", "pk": 9, "fields": {"created_at": "2021-08-20T17:25:17.389Z", "updated_at": "2021-08-20T17:25:17.389Z", "cv": 9, "title": "Node.js / Java разработчик", "position": null, "competencies": []}}, {"model": "cv.cvcareer", "pk": 1, "fields": {"created_at": "2021-08-20T15:51:09.531Z", "updated_at": "2021-08-20T15:51:09.531Z", "cv": 1, "date_from": "2018-02-20", "date_to": null, "organization": 4, "title": "Главный специалист отдела отчетности", "position": null, "description": "Анализ текущих бизнес-процессов подразделения для перевода на промышленную платформу; подготовка технических заданий; формализация требований к инструментам и отчетности на основании потребностей заказчиков и заинтересованных лиц; сопровождение процесса разработки инструментов для подразделения; сопровождение работы существующих инструментов и выявление необходимости их доработки; описание алгоритмов расчета, проведение расчетов. Разработка математических моделей и алгоритмов для проведения расчетов , разработка отчетов с применением MS SQL,PL/SQL,Teradata. Автоматизация внутренних процессов подразделения. Техническое сопровождение отчетности и инструментов подразделения.", "is_verified": false, "competencies": [], "projects": []}}, {"model": "cv.cvcareer", "pk": 2, "fields": {"created_at": "2021-08-20T15:53:08.460Z", "updated_at": "2021-08-20T15:53:08.460Z", "cv": 1, "date_from": "2017-08-20", "date_to": "2018-02-20", "organization": 4, "title": "Ведущий специалист отдела отчетности", "position": null, "description": "Разработка отчетности на базе BI-платформ : OLAP,POWER BI. Проектирование и разработка логической/физической моделей данных на базе SQL; анализ требований к отчетам, их разработка, техническое сопровождение BI-инструментария направления, ведение сопроводительной документации.Организация потоков данных с использование ETL.", "is_verified": false, "competencies": [], "projects": []}}, {"model": "cv.cvcareer", "pk": 3, "fields": {"created_at": "2021-08-20T15:53:08.574Z", "updated_at": "2021-08-20T15:53:08.574Z", "cv": 1, "date_from": "2017-02-20", "date_to": "2017-08-20", "organization": 4, "title": "Старший специалист отдела отчетности", "position": null, "description": "Оптимизация и автоматизация процессов подразделений. Создание оперативной и управленческой отчетности; формирование сложных самообновляемых отчетов, организация потоков данных с использование ETL, проектирование и разработка логической/физической моделей данных на базе SQL; разработка оперативных отчетов и инструментов с использованием MS SQL,PL\\SQL,TERADATA.Техническое сопровождение разработанных и внедренных инструментов.Анализ требований к отчетам, ведение сопроводительной документации.", "is_verified": false, "competencies": [], "projects": []}}, {"model": "cv.cvcareer", "pk": 4, "fields": {"created_at": "2021-08-20T15:54:37.741Z", "updated_at": "2021-08-20T15:54:37.741Z", "cv": 1, "date_from": "2016-09-20", "date_to": "2017-02-20", "organization": 4, "title": "Ведущий аналитик", "position": null, "description": "Анализ продаж в разрезе форматов торговых точек. Расчет прогноза; тестирование новых технологий прогнозирования; анализ и выявление факторов, влияющие на показатели прогноза; анализ факторов и причин отклонений рассчитанных прогнозов от факта; выявление статистических закономерностей и математических зависимостей; анализ трендов фактических данных. Разработка и усовершенствование методологии прогнозирования и анализа. Построение математических и прогнозных моделей. Сопровождение и разработка инструментов на основе Excel, SQL, Access; анализ текущих инструментов работы; формирование предложений по улучшению технологий и инструментов работы; написание технических заданий на разработку инструментов. Разработка самообновляемых отчетов.", "is_verified": false, "competencies": [], "projects": []}}, {"model": "cv.cvcareer", "pk": 5, "fields": {"created_at": "2021-08-20T15:54:37.841Z", "updated_at": "2021-08-20T15:56:28.005Z", "cv": 1, "date_from": "2015-02-20", "date_to": "2016-09-20", "organization": 4, "title": "Аналитик", "position": null, "description": "Анализ продаж в разрезе форматов торговых точек. Расчет прогноза; тестирование новых технологий прогнозирования ; анализ и выявление факторов, влияющие на показатели прогноза; анализ факторов и причин отклонений рассчитанных прогнозов от факта;  выявление статистических закономерностей и математических зависимостей; анализ трендов фактических данных; формирование отчетности. Сопровождение работы существующих инструментов и выявление необходимости их доработки. Разработка инструментов на основе Excel, SQL, Access.", "is_verified": false, "competencies": [], "projects": []}}, {"model": "cv.cvcareer", "pk": 6, "fields": {"created_at": "2021-08-20T16:05:17.882Z", "updated_at": "2021-08-20T16:05:17.882Z", "cv": 2, "date_from": "2019-10-20", "date_to": null, "organization": 5, "title": "Консультант", "position": null, "description": "Январь 2021 - по н.в.\r\nКонсультант RE-FX/Руководитель группы RE-FX\r\nЗаказчик: Российская горно-металлургическая компания.\r\nПроект: Тираж SAP ERP\r\nПлощадка: Норильск\r\n\r\n*    Подготовка обучающих материалов для ключевых и конечных пользователей.\r\n*    Подготовка/составление/согласование проектной документации.\r\n*    Миграция данных из исторических систем при помощи LSMW.\r\n*    Поддержка и обучение пользователей.\r\n*    Настройка системы.\r\n*    Поддержка пользователей на продуктивном запуске.\r\n*    Устранение и отработка замечаний в проектно-пользовательской документации. Согласование с Заказчиком.\r\n*    Проведение интеграционного тестирования системы для запуска в ПЭ.\r\n\r\nКлючевые результаты:\r\n- Данные мигрированы согласно плановым срокам;\r\n- Проведено обучение ключевых и конечных пользователей;\r\n- Успешно проведено ИТ, РТ и ФТ.\r\n\r\nАвгуст 2020 - Январь 2021\r\nМладший консультант RE-FX\r\nЗаказчик: Российская горно-металлургическая компания.\r\nПроект: Тираж SAP ERP\r\nПлощадка: Норильск\r\n\r\n*    Подготовка обучающих материалов для ключевых и конечных пользователей.\r\n*    Подготовка/составление/согласование проектной документации.\r\n*    Миграция данных из исторических систем при помощи LSMW.\r\n*    Поддержка и обучение пользователей.\r\n*    Настройка системы.\r\n*    Поддержка пользователей на продуктивном запуске.\r\n*    Устранение и отработка замечаний в проектно-пользовательской документации. Согласование с Заказчиком.\r\n*    Проведение интеграционного тестирования системы для запуска в ПЭ.\r\n\r\nКлючевые результаты:\r\n- Данные мигрированы согласно плановым срокам;\r\n- Проведено обучение ключевых и конечных пользователей;\r\n- Успешно проведено ИТ, РТ и ФТ.\r\n\r\n\r\nАпрель 2020 - ноябрь 2020\r\nМладший консультант RE-FX\r\nЗаказчик: Российская горно-металлургическая компания.\r\nПроект: Тираж SAP Lite\r\nПлощадка: Норильск\r\n\r\n*    Подготовка обучающих материалов для ключевых и конечных пользователей.\r\n*    Подготовка/составление/согласование проектной документации.\r\n*    Миграция данных из исторических систем при помощи LSMW.\r\n*    Поддержка и обучение пользователей.\r\n*    Настройка системы.\r\n*    Поддержка пользователей на продуктивном запуске.\r\n*    Устранение и отработка замечаний в проектно-пользовательской документации. Согласование с Заказчиком.\r\n*    Проведение интеграционного тестирования системы для запуска в ПЭ.\r\n\r\nКлючевые результаты:\r\n- Данные мигрированы согласно плановым срокам;\r\n- Реализован комплекс Z-разработок согласно заданиям на разработку;\r\n- Решение успешно передано в ПЭ.\r\n\r\nОктябрь 2019 - Август 2020\r\nАналитик RE-FX\r\n\r\nЗаказчик: Российская горно-металлургическая компания.\r\nПроект: Тираж SAP ERP\r\nПлощадка: Норильск, Мурманск, Красноярск, Архангельск.\r\n\r\n*    Выявление бизнес-требований к информационной системе;\r\n*    Подготовка обучающих материалов для ключевых и конечных пользователей.\r\n*    Подготовка/составление/согласование проектной документации.\r\n*    Миграция данных из исторических систем при помощи LSMW.\r\n*    Поддержка пользователей на территории Заказчика и удаленно.\r\n*    Настройка системы.\r\n*    Проведение интеграционного тестирования системы для запуска в ПЭ.\r\n\r\nКлючевые результаты:\r\n- Данные мигрированы согласно плановым срокам;\r\n- Реализован комплекс Z-разработок согласно заданиям на разработку;\r\n- Решение успешно передано в ПЭ.", "is_verified": false, "competencies": [], "projects": []}}, {"model": "cv.cvcareer", "pk": 7, "fields": {"created_at": "2021-08-20T16:06:50.699Z", "updated_at": "2021-08-20T16:06:50.699Z", "cv": 2, "date_from": "2014-06-20", "date_to": "2019-10-20", "organization": 6, "title": "Генеральный директор", "position": null, "description": "Создание собственного бизнес-направления с \"0\", разработка стратегии и управление полным циклом Компании;\r\n- Управление финансовым блоком, безопасностью, закупками, продажами, логистикой;\r\n- Управленческий учет, финансовое планирование, оптимизация расходов и ФОТ, анализ финансовых результатов, разработка и внедрение систем мотивации(KPI);\r\n- Управление оптовыми каналами сбыта, разработка и внедрение маркетинговой стратегии продвижения ассортиментной матрицы:\r\n- Развитие базы поставщиков (сотрудничество с такими Компаниями как: Broen, Oventrop,  Danfoss,  Zetkama, Viega) разработка и реализация планов по выполнению поставленных планов продаж (ежеквартальных и годового);\r\n- Оперативное управление всей деятельностью компании: от подбора персонала до фин.отчётности;\r\n- Планирование продаж и выстраивание конкурентной политики.", "is_verified": false, "competencies": [], "projects": []}}, {"model": "cv.cvcareer", "pk": 8, "fields": {"created_at": "2021-08-20T16:06:50.801Z", "updated_at": "2021-08-20T16:06:50.801Z", "cv": 2, "date_from": "2011-10-20", "date_to": "2014-06-20", "organization": 6, "title": "Руководитель отдела", "position": null, "description": "Руководство отделом активных продаж и командой, организация и координация эффективной работы менеджеров;\r\n- Активное наполнение, структурирование клиентской базы, определение ценовой политики, конкурентный анализ;\r\n- Продажи существующим клиентам;\r\n- Ведение ключевых клиентов;\r\n- Ответственность за регулярное выполнение плана продаж отдела;\r\n- Усовершенствование предложения компании и методов работы с клиентами;\r\n- Повышение эффективности продаж, повышение конверсии;\r\n- Формирование планов по продажам, подготовка отчетности по отделу;\r\n- Поиск новых инструментов продвижения и вывода услуг на рынок, согласованная работа с руководством компании;", "is_verified": false, "competencies": [], "projects": []}}, {"model": "cv.cvcareer", "pk": 9, "fields": {"created_at": "2021-08-20T16:18:35.015Z", "updated_at": "2021-08-20T16:18:35.015Z", "cv": 3, "date_from": "2017-08-20", "date_to": null, "organization": 7, "title": null, "position": 28, "description": "Стек технологий:\r\n- IDE Android studio\r\n- Java, Kotlin (изучаю)\r\n- архитектурные паттерны MVP, MVVM\r\n- Clean Architecture, SOLID principles\r\n- Android SDK\r\n- базы данных SQLite, Room, Realm\r\n- Dagger2\r\n- RxJava, RxAndroid\r\n- Retrofit2, Okhttp, REST\r\n- ButterKnife, Picasso\r\n- Firebase\r\n- Material Design\r\n- Gradle\r\n- Git, SVN\r\n\r\nПриложение для Android \"Проверка штрафов ГАИ\" (http://play.google.com/store/apps/details?id=com.valdizz.penaltycheck)\r\nGithub: https://github.com/valdizz/penaltycheck\r\nTools & Technologies: Android Studio, Android SDK, Realm, ButterKnife, OkHttp, RxJava2, Dagger2, MVP, Material Design, Gradle, Git.\r\n\r\nПриложение для Android \"Расписание автобусов\" (http://play.google.com/store/apps/details?id=com.valdizz.busstation)\r\nGithub: https://github.com/valdizz/busstation\r\nTools & Technologies: Android Studio, Android SDK, Play Services API, SQlite, SQL, XML, Multithreading, Gradle, Git.\r\n\r\nОнлайн-курс по Java с практическими задачами JavaRush.ru (https://github.com/valdizz/javarush)\r\nTools & Technologies: Intellij IDEA, Java SE, Collections, Multithreading, Concurrency, JSP, Servlets, XML, CSS, JavaScript, JSON, jQuery, Junit, Git, Design Patterns.\r\n\r\nПрограммное обеспечение \"Меню\" (внедрено в более 100 учреждениях образования Беларуси)\r\nTools & Technologies: Delphi, Access, ADO, SQL, DevExpress, FastReport.", "is_verified": false, "competencies": [], "projects": []}}, {"model": "cv.cvcareer", "pk": 10, "fields": {"created_at": "2021-08-20T16:18:35.118Z", "updated_at": "2021-08-20T16:18:35.118Z", "cv": 3, "date_from": "2017-08-20", "date_to": null, "organization": 8, "title": "Инженер-программист", "position": null, "description": "- сопровождение, доработка Card Management System (CMS), Merchant Processing & Clearing System (MPCS);\r\n- внедрение нового функционала банковских карт (MDES - Samsung pay, HCE, Virtual cards, ABU, UPI, API interface);\r\n- мониторинг производительности, анализ и исправление ошибок в ПО (Jira, Naumen Service Desk);\r\n- написание технических заданий на доработку или модификацию ПО.", "is_verified": false, "competencies": [], "projects": []}}, {"model": "cv.cvcareer", "pk": 11, "fields": {"created_at": "2021-08-20T16:18:35.213Z", "updated_at": "2021-08-20T16:18:35.213Z", "cv": 3, "date_from": "2011-10-20", "date_to": "2017-08-20", "organization": 9, "title": "Инженер-программист", "position": null, "description": "- внедрение, сопровождение, доработка корпоративной информационной системы \"Нефтепродуктобеспечение\" (1С 8.2, 8.3), расчетного центра предприятия (топливные карты АЗС-сервис);\r\n- анализ и исправление ошибок в ПО, написание внешних отчетов и обработок (1C);\r\n- настройка обмена данными (JSON, XML, DBF, планы обмена);\r\n- мониторинг и настройка производительности ПО;\r\n- анализ заявок пользователей на доработку или модификацию программного обеспечения (Jira), написание инструкций (Confluence).", "is_verified": false, "competencies": [], "projects": []}}, {"model": "cv.cvcareer", "pk": 12, "fields": {"created_at": "2021-08-20T16:20:26.895Z", "updated_at": "2021-08-20T16:20:26.895Z", "cv": 3, "date_from": "2005-03-20", "date_to": "2011-10-20", "organization": 9, "title": null, "position": null, "description": "- разработка, внедрение и сопровождение программного обеспечения (1С, FoxPro, Delphi);\r\n- внедрение, сопровождение, доработка корпоративной информационной системы \"Нефтепродуктобеспечение\" (1С 8.1, 8.2);\r\n- установка, настройка, администрирование виртуальной инфраструктуры предприятия (VMware ESXi);\r\n- установка, настройка, администрирование серверов Windows/Linux (AD, DNS, WINS, DHCP, FTP, Exchange, ISA, Kerio, 1C, MS SQL), сетевого оборудования (DSL, VPN, CISCO).", "is_verified": false, "competencies": [], "projects": []}}, {"model": "cv.cvcareer", "pk": 13, "fields": {"created_at": "2021-08-20T16:20:27.014Z", "updated_at": "2021-08-20T16:20:27.015Z", "cv": 3, "date_from": "2002-07-20", "date_to": "2005-03-20", "organization": 8, "title": null, "position": null, "description": "- установка, настройка, сопровождение банковского ПО (Softclub);\r\n- администрирование серверов, рабочих станций;\r\n- работа с базами данных (резервное копирование, оптимизация, SQL запросы).", "is_verified": false, "competencies": [], "projects": []}}, {"model": "cv.cvcareer", "pk": 14, "fields": {"created_at": "2021-08-20T16:32:17.116Z", "updated_at": "2021-08-20T16:32:17.116Z", "cv": 4, "date_from": "2019-11-20", "date_to": null, "organization": 8, "title": "Главный специалист отдела розничных систем ДБО", "position": null, "description": "- создание мониторинга и алертинга (Prometheus, Grafana, Graylog)\r\n- поиск и устранение проблем в работе микросервисов (написанных на Java, Spring Framework)\r\n- управление CI/CD (Jenkins) пайплайнами и конфигурациями для деплоя в тестовые и продакшн среды (OpenShift)\r\nCI/CD\r\n- PostgreSQL: анализ и устранение проблем\r\n- настройка репликаторов данных между БД (взаимно или с брокером сообщений): PostgreSQL, OracleDB, MySQL, Kafka, Redis\r\n- Работа с Ansible", "is_verified": false, "competencies": [], "projects": []}}, {"model": "cv.cvcareer", "pk": 15, "fields": {"created_at": "2021-08-20T16:32:17.223Z", "updated_at": "2021-08-20T16:32:17.223Z", "cv": 4, "date_from": "2019-06-20", "date_to": "2019-11-20", "organization": 8, "title": null, "position": 6, "description": "Переделка деплоя приложения из простых docker-контейнеров на оркестрацию под управлением Rancher (Kubernetes).\r\nНастройка LDAP-авторизации через AD в различных ИС компании (Gitlab, Graylog, Grafana, Octopus, TeamCity, Upsource, Jira, Confluence, Crucible+Fisheye и т.д.).\r\nУправление CI/CD системами и конфигурациями для деплоя в тестовые и продакшн среды.", "is_verified": false, "competencies": [], "projects": []}}, {"model": "cv.cvcareer", "pk": 16, "fields": {"created_at": "2021-08-20T16:32:17.320Z", "updated_at": "2021-08-20T16:32:17.320Z", "cv": 4, "date_from": "2017-03-20", "date_to": "2019-11-20", "organization": 5, "title": "Инженер систем сборки и доставки приложений", "position": null, "description": "- начинал с разработки PyTest автотестов (Python) и ручного контроля качества приложения (заведение и проверка выполнения тикетов в JIRA);\r\n- самосотоятельно решил задачу по переходу на новую CI-систему (у нас был trial TeamCity, и мы упёрлись в лимиты, я с нуля развернул и настроил Jenkins и написал в нём кучу сборок и теперь занимаюсь релиз-менеджментом);\r\n- написание всевозможных Ansible-сценариев (чтоб можно было поднять любой используемый у нас сервис на любой машине в качестве самостоятельного единицы или как части приложения);\r\n- упаковал наше приложение в Docker-контейнеры (nginx, Percona, php-fpm, Node.js, sphinx, mongoDb, memcache);\r\n- с нуля развернул и настроил систему мониторинга Prometheus (+AlertManager и Grafana) и управляю мониторингом всех сервисов (100 серверов, около 100 сайтов) компании;\r\n- взаимодействие с командой разработчиков;\r\n- выявление и устранение проблем с инфраструктурой;\r\n- улучшение отказоустойчивости и быстродействия;\r\n- управление DNS (~500 FQDN);\r\n- настройка почтовых серверов exim (наши письма успешно проходят SPF и DKIM валидации у Яндекс, Google и Mail.Ru).", "is_verified": false, "competencies": [], "projects": []}}, {"model": "cv.cvcareer", "pk": 17, "fields": {"created_at": "2021-08-20T16:32:17.416Z", "updated_at": "2021-08-20T16:32:17.416Z", "cv": 4, "date_from": "2015-10-20", "date_to": "2017-02-20", "organization": 7, "title": "Web-мастер", "position": null, "description": "Https://vaporflow.ru/\r\nHttps://darth-vaper.ru/\r\nHttps://lesovik.ru/\r\n- управление хостингом;\r\n- настройка web-сервера (Apache, nginx);\r\n- управление СУБД (MySQL, PostgreSQL);\r\n- установка CMS (WordPress и OpenCart);\r\n- установка и настройка модулей CMS;\r\n- коррекция php шаблонов сайта;\r\n- написание CSS стилей оформления;\r\n- SEO;\r\n- наполнение сайта содержимым;\r\n- установка обновлений ПО и обновление контента сайта.", "is_verified": false, "competencies": [], "projects": []}}, {"model": "cv.cvcareer", "pk": 18, "fields": {"created_at": "2021-08-20T16:32:17.513Z", "updated_at": "2021-08-20T16:32:17.513Z", "cv": 4, "date_from": "2014-04-20", "date_to": "2015-09-20", "organization": 11, "title": null, "position": 23, "description": "- работа с аппаратно-программным комплексом шифрования \"Континент\";\r\n- создание и настройка физических и виртуальных стендов для тестирования;\r\n- ручное тестирование программных продуктов (на платформах Windows, FreeBSD и CentOS) в области защиты информации;\r\n- написание скриптов для автоматизированного тестирования;\r\n- работа с системой учёта ошибок (Microsoft Team Foundation Service);\r\n- вычитка и разработка тестовой документации.", "is_verified": false, "competencies": [], "projects": []}}, {"model": "cv.cvcareer", "pk": 19, "fields": {"created_at": "2021-08-20T16:32:17.611Z", "updated_at": "2021-08-20T16:32:17.611Z", "cv": 4, "date_from": "2012-10-20", "date_to": "2013-01-20", "organization": 12, "title": "Старший инженер по технической информации (senior research analyst)", "position": null, "description": "- поиск и анализ информации (технических характеристик) по различным компьютерным продуктам и программному обеспечению в сети Интернет на иностранных языках (в основном на английском);\r\n- работа с базой данных информации об электронных компонентах, устройствах и программного обеспечения;\r\n- работа с инструментом дефект-менеджмента (JIRA);\r\n- помощь стажёрам;\r\n- проверка качества завершённых стажёрами заданий.", "is_verified": false, "competencies": [], "projects": []}}, {"model": "cv.cvcareer", "pk": 20, "fields": {"created_at": "2021-08-20T16:32:17.714Z", "updated_at": "2021-08-20T16:32:17.714Z", "cv": 4, "date_from": "2012-04-20", "date_to": "2012-10-20", "organization": 12, "title": "Инженер по технической информации (research analyst)", "position": null, "description": "- поиск и анализ информации (технических характеристик) по различным компьютерным продуктам и программному обеспечению в сети Интернет на иностранных языках (в основном на английском);\r\n- работа с базой данных информации об электронных компонентах, устройствах и программного обеспечения;\r\n- работа с инструментом дефект-менеджмента (JIRA)", "is_verified": false, "competencies": [], "projects": []}}, {"model": "cv.cvcareer", "pk": 21, "fields": {"created_at": "2021-08-20T16:49:54.246Z", "updated_at": "2021-08-20T16:49:54.246Z", "cv": 5, "date_from": "2017-03-20", "date_to": null, "organization": 8, "title": "Программист", "position": null, "description": "Перевозки, логистика, склад, ВЭД\r\n• ВЭД, таможенное оформление\r\n• Авиаперевозки\r\n• Транспортно-логистические комплексы, порты (воздушный, водный, железнодорожный)\r\n• Морские, речные перевозки\r\n• Железнодорожные перевозки\r\n\r\nСоздание, внедрение и сопровождение системы управления контейнерным терминалом.\r\nРабота над текущей корпоративной системой.\r\n\r\nТехнологии: Android, Java, MMVM, MVP, Retrofit 2, OkHttp, Dagger 2, RxJava 2, Room, Material Design .Net Core, C#, MsSQL 2016-2017", "is_verified": false, "competencies": [], "projects": []}}, {"model": "cv.cvcareer", "pk": 22, "fields": {"created_at": "2021-08-20T16:49:54.344Z", "updated_at": "2021-08-20T16:49:54.344Z", "cv": 5, "date_from": "2016-01-20", "date_to": "2017-03-20", "organization": 14, "title": "Ведущий программист", "position": null, "description": "Информационные технологии, системная интеграция, интернет\r\n• Разработка программного обеспечения\r\n• Системная интеграция,  автоматизации технологических и бизнес-процессов предприятия, ИТ-консалтинг\r\n\r\nРазработка архитектуры комплексного программного обеспечения. Ведение  и разработка проекта от начала и до конца. Управление небольшой командой.\r\n\r\nТехнологии: C#, Asp.Net 4.5, WCF Service\r\nMsSQL 2014\r\nDevExpress\r\n\r\nДостижение: проект завершен.", "is_verified": false, "competencies": [], "projects": []}}, {"model": "cv.cvcareer", "pk": 23, "fields": {"created_at": "2021-08-20T16:49:54.436Z", "updated_at": "2021-08-20T16:49:54.436Z", "cv": 5, "date_from": "2013-03-20", "date_to": "2016-01-20", "organization": 14, "title": "Программист", "position": null, "description": "Информационные технологии, системная интеграция, интернет\r\n• Разработка программного обеспечения\r\n\r\nПоддержка ранее разработанных проектов. Разработка Windows приложений.\r\n\r\nТехнологии: C#, Vb.Net, Asp.Net 4.0 - 4.5 MsSQL 2012 DevExpress", "is_verified": false, "competencies": [], "projects": []}}, {"model": "cv.cvcareer", "pk": 24, "fields": {"created_at": "2021-08-20T16:49:54.527Z", "updated_at": "2021-08-20T16:49:54.527Z", "cv": 5, "date_from": "2011-02-20", "date_to": "2013-03-20", "organization": 14, "title": "Программист", "position": null, "description": "Информационные технологии, системная интеграция, интернет\r\n• Разработка программного обеспечения\r\n\r\nПоддержка ранее разработанных проектов. Разработка Web проектов, Windows приложений.\r\n\r\nТехнологии: C#, WCF, MVC, Framework 4.0 - 4.5, IIS 6-7 MsSQL 2008-2012 JavaScript, JQuery DevExpress", "is_verified": false, "competencies": [], "projects": []}}, {"model": "cv.cvcareer", "pk": 25, "fields": {"created_at": "2021-08-20T16:49:54.618Z", "updated_at": "2021-08-20T16:49:54.618Z", "cv": 5, "date_from": "2009-09-20", "date_to": "2011-02-20", "organization": 15, "title": "Программист", "position": null, "description": "Информационные технологии, системная интеграция, интернет\r\n• Разработка программного обеспечения\r\n\r\nРазработка Web проектов.\r\nТехнологии: C#, MVC, Framework 3.0 - 4.0 MsSQL 2008 JavaScript, JQuery, PHP, MySql", "is_verified": false, "competencies": [], "projects": []}}, {"model": "cv.cvcareer", "pk": 26, "fields": {"created_at": "2021-08-20T16:49:54.730Z", "updated_at": "2021-08-20T16:49:54.730Z", "cv": 5, "date_from": "2008-03-20", "date_to": "2009-09-20", "organization": 16, "title": "Инженер – программист", "position": null, "description": "Разработка ПО, исполнение обязанностей заместителя начальника отдела IT.\r\n\r\nТехнологии: Delphi 7 MsSQL 2005", "is_verified": false, "competencies": [], "projects": []}}, {"model": "cv.cvcareer", "pk": 27, "fields": {"created_at": "2021-08-20T16:49:54.930Z", "updated_at": "2021-08-20T16:49:54.930Z", "cv": 5, "date_from": "2007-07-20", "date_to": "2008-03-20", "organization": 16, "title": "Инженер – программист", "position": null, "description": "Обеспечение стабильной работы компьютерного парка организации, разработка ПО, исполнение обязанностей заместителя начальника отдела IT.\r\n\r\nТехнологии: Delphi 7\r\nMsSQL 2000 - 2005", "is_verified": false, "competencies": [], "projects": []}}, {"model": "cv.cvcareer", "pk": 28, "fields": {"created_at": "2021-08-20T16:49:55.137Z", "updated_at": "2021-08-20T16:49:55.137Z", "cv": 5, "date_from": "2006-01-20", "date_to": "2006-12-20", "organization": 18, "title": "Инженер - системотехник", "position": null, "description": "Образовательные учреждения\r\n• Повышение квалификации, переквалификация\r\n\r\nОбеспечение стабильной работы серверов, сопровождение сайта, разработка вспомогательного ПО.", "is_verified": false, "competencies": [], "projects": []}}, {"model": "cv.cvcareer", "pk": 29, "fields": {"created_at": "2021-08-20T16:56:12.043Z", "updated_at": "2021-08-20T16:56:12.043Z", "cv": 6, "date_from": "2020-07-20", "date_to": "2021-07-20", "organization": 19, "title": null, "position": 23, "description": "• Функциональные обязанности\r\nO Участие в разработке проекта автоматизации тестирования\r\nO Автоматизация регрессионных тестов\r\nO Автоматизация BackEnd тестов\r\n• Применяемые технологии и системы:\r\nIdea, java, selenide, jira, testNG, jenkins", "is_verified": false, "competencies": [], "projects": []}}, {"model": "cv.cvcareer", "pk": 30, "fields": {"created_at": "2021-08-20T16:56:12.132Z", "updated_at": "2021-08-20T16:56:12.132Z", "cv": 6, "date_from": "2014-07-20", "date_to": "2019-07-20", "organization": 20, "title": null, "position": 22, "description": "Проект: TickerPlant - Системы агрегации и распределения информации о котировках\r\n• Функциональные обязанности:\r\nO  Разработка документации тест - планов, тест-дизайнов, тест – кейсов\r\nO Функциональное тестирование UI и API\r\n\r\nПроект: TickerPlant - Системы агрегации и распределения информации о котировках\r\nДолжность: Разработчик автотестов\r\n• Функциональные обязанности:\r\nO Автоматизция регрессионных тестов.\r\n• Применяемые технологии и системы:\r\nO Sailfish, ClearTH", "is_verified": false, "competencies": [], "projects": []}}, {"model": "cv.cvcareer", "pk": 31, "fields": {"created_at": "2021-08-20T17:03:54.347Z", "updated_at": "2021-08-20T17:03:54.347Z", "cv": 7, "date_from": "2020-06-20", "date_to": null, "organization": 19, "title": "System Analyst / Business Analyst", "position": 10, "description": "A system designed to collect data from various major systems to create credit transactions that end with credit approval or loan refusal.\r\nResponsibilities\r\n• Studying the main systems (API documentation, integration modules documentation, communication with the development teams)\r\n• Data mapping (studying databases, searching the data needed for data mapping through SQL queries)\r\n• Requirements elicitation and analysis\r\n• Communication with the Project Manager and Product Owner\r\n• Communication with the team\r\nТechnologies and tools\r\n• UML, BPMN, IDEF, eEPC, ARIS, Axure RP, Balsamiq, Figma, Draw.io, MS Visio, LucidChart, Oracle SQL Developer Data Modeler, ERWin, Jira, Confluence", "is_verified": false, "competencies": [], "projects": []}}, {"model": "cv.cvcareer", "pk": 32, "fields": {"created_at": "2021-08-20T17:03:54.449Z", "updated_at": "2021-08-20T17:03:54.449Z", "cv": 7, "date_from": "2019-01-20", "date_to": "2020-06-20", "organization": 21, "title": "System Analyst", "position": 10, "description": "A system that processes daily banking transactions and posts updates to accounts and other financial records. Core banking systems include deposit, loan and credit processing capabilities, with interfaces to general ledger systems and reporting tools.\r\nResponsibilities\r\n• Modeled and analyzed business processes\r\n• Studied the main systems (API and integration modules documentation)\r\n• Reorganized business processes\r\n• Data mapping (studied databases, searched the data needed for data mapping through the SQL queries)\r\n• Elicited, gathered, analyzed and managed requirements\r\n• Communicated with the Project Manager and Product Owner\r\n• Communicated with the development team\r\nTechnologies and tools\r\n• MS SQL, FastReport, ERwin, Jira, Confluence", "is_verified": false, "competencies": [], "projects": []}}, {"model": "cv.cvcareer", "pk": 33, "fields": {"created_at": "2021-08-20T17:03:54.543Z", "updated_at": "2021-08-20T17:03:54.543Z", "cv": 7, "date_from": "2017-01-20", "date_to": "2019-01-20", "organization": 22, "title": "System Analyst", "position": 10, "description": "A system for organizing acquiring activities of financial institutions: the system is focused on the whole range of tasks for organizing the acceptance of payment cards for payment in trade and service enterprises.\r\nResponsibilities\r\n• Studied the main systems (API and integration modules documentation)\r\n• Data mapping (studied databases, searched the data needed for data mapping through the SQL queries)\r\n• Communicated with the Project Manager and Product Owner\r\n• Elicited, and analyzed requirements\r\n• Developed project documentation and provided current project support\r\n• Communicated with the development team\r\nTechnologies and tools\r\n• UML, BPMN, IDEF, eEPC, ARIS, Axure RP, Balsamiq, Figma, Draw.io, MS Visio, LucidChart, Oracle SQL Developer Data Modeler, ERwin, Jira, Confluence", "is_verified": false, "competencies": [], "projects": []}}, {"model": "cv.cvcareer", "pk": 34, "fields": {"created_at": "2021-08-20T17:16:35.504Z", "updated_at": "2021-08-20T17:16:35.504Z", "cv": 8, "date_from": "2018-11-20", "date_to": null, "organization": 8, "title": null, "position": 31, "description": "Создание с нуля и запуск в прод приложения для ДБО малого и среднего бизнеса.\r\n\r\nПроработка архитектуры приложения, настройка ci/cd на gitlab + fastlane, написание тестов, code-review, публикация.\r\nСтек: Kotlin+Coroutines/MVVM+databinding/Koin.\r\nВ приложение реализованы различные анимации и кастомные view.\r\n\r\nВыполнение функция тим-лида: планирование спринта, декомпозиция и распределение задач.\r\n\r\nУчаствовал в создании и поддержке приложения\r\nHttps://play.google.com/store/apps/details?id=ru.mtsbank.dbosme", "is_verified": false, "competencies": [], "projects": []}}, {"model": "cv.cvcareer", "pk": 35, "fields": {"created_at": "2021-08-20T17:16:35.623Z", "updated_at": "2021-08-20T17:16:35.623Z", "cv": 8, "date_from": "2017-12-20", "date_to": "2018-11-20", "organization": 23, "title": "Ведущий инженер-программист", "position": 28, "description": "1) Написание кода для ОС Android на языках программирования Java и Kotlin.\r\n- командная разработка новых приложений;\r\n- написание нового функционала для ранее созданных приложений;\r\n- исправление ошибок и оптимизация работы текущего функционала приложений.\r\n2) Проведение code review.\r\n3) Написание unit тестов.\r\n4) Планирование спринтов.\r\n5) Выполнение функция наставничества и руководство участниками команды.\r\n\r\nУчаствовал в создании и поддержке следующих приложений\r\nHttps://play.google.com/store/apps/details?id=ru.taxcom.vsd\r\n\r\nHttps://play.google.com/store/apps/details?id=ru.taxcom.cashdesk\r\n\r\nHttps://play.google.com/store/apps/details?id=com.taxcom.informer\r\n\r\nHttps://play.google.com/store/apps/details?id=ru.taxcom.cashdeskpartner\r\n\r\nHttps://play.google.com/store/apps/details?id=ru.taxcom.filer\r\n\r\nHttps://play.google.com/store/apps/details?id=ru.taxcom.egais", "is_verified": false, "competencies": [], "projects": []}}, {"model": "cv.cvcareer", "pk": 36, "fields": {"created_at": "2021-08-20T17:16:35.727Z", "updated_at": "2021-08-20T17:16:35.727Z", "cv": 8, "date_from": "2016-09-20", "date_to": "2017-12-20", "organization": 4, "title": "Разработчик Android", "position": 28, "description": "ФУНКЦИИ/ОБЯЗАННОСТИ:\r\n1) Написание приложения для торговли.\r\n- Исправление ошибок возникающих в работе приложения.\r\n- Доработки текущего функционала и создание нового.", "is_verified": false, "competencies": [], "projects": []}}, {"model": "cv.cvcareer", "pk": 37, "fields": {"created_at": "2021-08-20T17:16:35.828Z", "updated_at": "2021-08-20T17:16:35.828Z", "cv": 8, "date_from": "2012-11-20", "date_to": "2016-09-20", "organization": 5, "title": "Специалист по сопровождению средств автоматизации", "position": null, "description": "ФУНКЦИИ/ОБЯЗАННОСТИ:\r\n1) Решение ошибок возникающих при семантическом анализе текстов.\r\n- анализ ошибок и выявление причин по которым они возникают;\r\n- написание новых и редактирование старых регулярных выражений;\r\n- проведение семантических коррекций ошибочно зарегистрированных в БД документах;\r\n- написание требований для исправления ошибок в прикладном ПО, а также для реализации новых и расширения текущих функций.\r\n2) Выполнение заявок по написанию скриптов для автоматизарованного сбора различной статистики.\r\n- написание новый и расширение текущих скриптов автоматизированного сбора статистики.\r\n3) Выполнение заявок по написанию ПО на языке программирования С# для подразделений департамента.", "is_verified": false, "competencies": [], "projects": []}}, {"model": "cv.cvcareer", "pk": 38, "fields": {"created_at": "2021-08-20T17:16:35.927Z", "updated_at": "2021-08-20T17:16:35.927Z", "cv": 8, "date_from": "2011-04-20", "date_to": "2012-11-20", "organization": 23, "title": "Аналитик", "position": null, "description": "Специалист-аналитик группы анализа и внедрения отдела анализа и контроля программного обеспечения.\r\nОБЯЗАННОСТИ:\r\n1. Поиск оптимальных методов решения технических проблем клиентов\r\nВ системах ЭДО. Управление проблемами. Информирование сотрудников и клиентов компании;\r\n2. Организация процесса подбора Фокус группы и проведение тестирования\r\nПрограммных продуктов компании на Фокус группе;\r\n3. Решение сложных технических проблем от клиентов компании по официальным\r\nЗапросам;\r\n4. Своевременная выработка/корректировка сценариев решения инцидентов и\r\nПроблем для сотрудников Департамента;\r\n5. Классификация и анализ вопросов, задаваемых клиентами Компании по программным продуктам и технологиям. Разработка корректирующих и предупреждающих мероприятий;\r\n6. Мониторинг, систематизация и анализ предложений сотрудников государственных органов и региональных представителей. Выработка рекомендаций по улучшению качества продуктов и услуг;\r\n7. Регистрация и анализ запросов на изменение программных продуктов Компании.", "is_verified": false, "competencies": [], "projects": []}}, {"model": "cv.cvcareer", "pk": 39, "fields": {"created_at": "2021-08-20T17:16:36.025Z", "updated_at": "2021-08-20T17:16:36.025Z", "cv": 8, "date_from": "2010-03-20", "date_to": "2011-04-20", "organization": 23, "title": "Специалист технической поддержки", "position": null, "description": "Достижения: будучи оператором первой линии технической поддержки клиентов контакт-центра, по истечении испытательного срока, заработал повышение до специалиста второй категории. После 6 месяцев работы в компании, за высокие показатели, был переведен на вторую линию технической поддержки и награжден очередной категорией - первой. В конце года был награжден дипломом и включен в горячий список лучших сотрудников контактных центров CallCenterCuru.\r\nОбязанности: прием входящих звонков и решение технических вопросов возникающих у клиентов в процессе работы с программным обеспечением, консультирование по установке и настройке программ (1С, КриптоПро CSP, программа Референт). Совершение исходящих звонков абонентам компании с целью оказания технической поддержки. Тестирование обновления программного обеспечения.", "is_verified": false, "competencies": [], "projects": []}}, {"model": "cv.cvcareer", "pk": 40, "fields": {"created_at": "2021-08-20T17:25:17.451Z", "updated_at": "2021-08-20T17:25:17.451Z", "cv": 9, "date_from": "2021-03-20", "date_to": null, "organization": 24, "title": "Инженер 1ой категории", "position": null, "description": "Нефтегазовая компания", "is_verified": false, "competencies": [], "projects": []}}, {"model": "cv.cvcareer", "pk": 41, "fields": {"created_at": "2021-08-20T17:25:17.619Z", "updated_at": "2021-08-20T17:25:17.619Z", "cv": 9, "date_from": "2019-03-20", "date_to": "2021-01-20", "organization": 25, "title": "Full-stack разработчик", "position": null, "description": "", "is_verified": false, "competencies": [], "projects": []}}, {"model": "cv.cvcareer", "pk": 42, "fields": {"created_at": "2021-08-20T17:25:17.712Z", "updated_at": "2021-08-20T17:25:17.712Z", "cv": 9, "date_from": "2017-12-20", "date_to": "2018-07-20", "organization": 26, "title": "Программист-разработчик", "position": null, "description": "Drone Monitoring System\r\n\r\nОсновано на координатах дрона, отслеживает путь дрона и осведомляет в случае отклонений.\r\n\r\n• Интерфейс для сохранения и обновления путей дронов.\r\n• Контроль прохождения маршрута.\r\n• Интерфейс для получения данных с дрона.\r\n• Получения логов (отчёта) о передвижении дрона и уведомление в случае отклонения.", "is_verified": false, "competencies": [], "projects": []}}, {"model": "cv.cvcareer", "pk": 43, "fields": {"created_at": "2021-08-20T17:25:17.804Z", "updated_at": "2021-08-20T17:25:17.804Z", "cv": 9, "date_from": "2015-12-20", "date_to": "2016-07-20", "organization": 26, "title": "Программист-разработчик", "position": null, "description": "Data Quality System\r\n\r\nИмелась база данных содержащая большое кол-во геологической и географической информации, относящейся к эксплуатации скважин нефти и газа. Данные в БД были собраны из разных источников и достаточно часто данные неполные или некорректные.\r\n\r\nЗадачей было разработать процесс анализа и проверки качества данных. \r\n\r\n• Сценарии с правилами, которые запускались на данные для проверки.\r\n• Возможность настройки периодического выполнения сценариев(task).\r\n• Сценарии, правила, и tasks настраиваются через XML файлы.\r\n• Через запуск сценарии программа возвращает коэффициент качества и лист некачественных данных.", "is_verified": false, "competencies": [], "projects": []}}, {"model": "cv.cveducation", "pk": 1, "fields": {"created_at": "2021-08-20T15:57:08.699Z", "updated_at": "2021-08-20T15:58:42.935Z", "cv": 1, "date_from": null, "date_to": "2014-08-20", "is_verified": false, "description": "Факультет прикладной математики и компьютерных технологий, Математическое обеспечение и администрирование информационных систем", "education_place": 4, "education_speciality": null, "education_graduate": null, "competencies": [686, 687, 688, 689]}}, {"model": "cv.cveducation", "pk": 2, "fields": {"created_at": "2021-08-20T15:58:43.030Z", "updated_at": "2021-08-20T15:58:43.030Z", "cv": 1, "date_from": null, "date_to": "2015-08-20", "is_verified": false, "description": "Портал ЮГ, разработчки \"1С: предприятие 8.3\"", "education_place": 5, "education_speciality": null, "education_graduate": null, "competencies": []}}, {"model": "cv.cveducation", "pk": 3, "fields": {"created_at": "2021-08-20T16:08:03.105Z", "updated_at": "2021-08-20T16:08:03.105Z", "cv": 2, "date_from": null, "date_to": "2010-08-20", "is_verified": false, "description": "", "education_place": 6, "education_speciality": 6, "education_graduate": null, "competencies": []}}, {"model": "cv.cveducation", "pk": 4, "fields": {"created_at": "2021-08-20T16:21:57.809Z", "updated_at": "2021-08-20T16:21:57.809Z", "cv": 3, "date_from": null, "date_to": "2002-08-20", "is_verified": false, "description": "", "education_place": 9, "education_speciality": 7, "education_graduate": 1, "competencies": []}}, {"model": "cv.cveducation", "pk": 5, "fields": {"created_at": "2021-08-20T16:34:22.693Z", "updated_at": "2021-08-20T16:34:22.693Z", "cv": 4, "date_from": null, "date_to": "2012-08-20", "is_verified": false, "description": "", "education_place": 10, "education_speciality": 8, "education_graduate": 2, "competencies": []}}, {"model": "cv.cveducation", "pk": 6, "fields": {"created_at": "2021-08-20T16:34:22.740Z", "updated_at": "2021-08-20T16:34:22.740Z", "cv": 4, "date_from": null, "date_to": "2010-08-20", "is_verified": false, "description": "", "education_place": 10, "education_speciality": 9, "education_graduate": 1, "competencies": []}}, {"model": "cv.cveducation", "pk": 7, "fields": {"created_at": "2021-08-20T16:49:55.250Z", "updated_at": "2021-08-20T16:49:55.250Z", "cv": 5, "date_from": null, "date_to": "2007-08-20", "is_verified": false, "description": "", "education_place": 11, "education_speciality": 10, "education_graduate": 1, "competencies": []}}, {"model": "cv.cveducation", "pk": 8, "fields": {"created_at": "2021-08-20T16:56:12.233Z", "updated_at": "2021-08-20T16:56:12.233Z", "cv": 6, "date_from": null, "date_to": "2020-08-20", "is_verified": false, "description": "", "education_place": 13, "education_speciality": 11, "education_graduate": null, "competencies": []}}, {"model": "cv.cveducation", "pk": 9, "fields": {"created_at": "2021-08-20T17:03:54.638Z", "updated_at": "2021-08-20T17:03:54.638Z", "cv": 7, "date_from": null, "date_to": null, "is_verified": false, "description": "", "education_place": 3, "education_speciality": 12, "education_graduate": 1, "competencies": []}}, {"model": "cv.cveducation", "pk": 10, "fields": {"created_at": "2021-08-20T17:16:36.124Z", "updated_at": "2021-08-20T17:16:36.124Z", "cv": 8, "date_from": null, "date_to": "2003-08-20", "is_verified": false, "description": "", "education_place": 14, "education_speciality": 13, "education_graduate": null, "competencies": []}}, {"model": "cv.cveducation", "pk": 11, "fields": {"created_at": "2021-08-20T17:25:17.923Z", "updated_at": "2021-08-20T17:25:17.924Z", "cv": 9, "date_from": null, "date_to": "2018-08-20", "is_verified": false, "description": "", "education_place": 11, "education_speciality": 13, "education_graduate": null, "competencies": []}}, {"model": "cv.cvcertificate", "pk": 1, "fields": {"created_at": "2021-08-20T16:08:03.154Z", "updated_at": "2021-08-20T16:11:55.222Z", "cv": 2, "date": "2021-08-20", "is_verified": false, "name": "SAP, SAP Certified Application Associate - SAP S/4HANA for Financial Accounting Associates (SAP S/4HANA 1909)", "number": null, "description": "", "education_place": 7, "education_speciality": null, "education_graduate": null, "competencies": []}}, {"model": "cv.cvcertificate", "pk": 2, "fields": {"created_at": "2021-08-20T16:11:30.459Z", "updated_at": "2021-08-20T16:11:30.459Z", "cv": 2, "date": "2020-08-20", "is_verified": false, "name": "Деловая этика консультанта", "number": null, "description": "", "education_place": 8, "education_speciality": null, "education_graduate": null, "competencies": []}}, {"model": "cv.cvcertificate", "pk": 3, "fields": {"created_at": "2021-08-20T16:11:30.509Z", "updated_at": "2021-08-20T16:11:30.509Z", "cv": 2, "date": "2020-08-20", "is_verified": false, "name": "Управление проектами", "number": null, "description": "", "education_place": 8, "education_speciality": null, "education_graduate": null, "competencies": []}}, {"model": "cv.cvcertificate", "pk": 4, "fields": {"created_at": "2021-08-20T16:11:30.559Z", "updated_at": "2021-08-20T16:11:30.559Z", "cv": 2, "date": "2020-08-20", "is_verified": false, "name": "Мастер-класс по тайм-менеджменту «Методы экономии «мыслетоплива», как сделать больше, а устать меньше»", "number": null, "description": "", "education_place": 8, "education_speciality": null, "education_graduate": null, "competencies": []}}, {"model": "cv.cvcertificate", "pk": 5, "fields": {"created_at": "2021-08-20T16:11:30.608Z", "updated_at": "2021-08-20T16:11:30.608Z", "cv": 2, "date": "2020-08-20", "is_verified": false, "name": "Основы экономики консалтинга", "number": null, "description": "", "education_place": 8, "education_speciality": null, "education_graduate": null, "competencies": []}}, {"model": "cv.cvcertificate", "pk": 6, "fields": {"created_at": "2021-08-20T16:11:30.657Z", "updated_at": "2021-08-20T16:11:30.657Z", "cv": 2, "date": "2020-08-20", "is_verified": false, "name": "Моделирование бизнес-процессов от А до Я", "number": null, "description": "", "education_place": 8, "education_speciality": null, "education_graduate": null, "competencies": []}}, {"model": "cv.cvcertificate", "pk": 7, "fields": {"created_at": "2021-08-20T16:11:30.706Z", "updated_at": "2021-08-20T16:11:30.706Z", "cv": 2, "date": "2020-08-20", "is_verified": false, "name": "Курс по Excel", "number": null, "description": "", "education_place": 8, "education_speciality": null, "education_graduate": null, "competencies": []}}, {"model": "cv.cvcertificate", "pk": 8, "fields": {"created_at": "2021-08-20T16:21:57.857Z", "updated_at": "2021-08-20T16:21:57.857Z", "cv": 3, "date": null, "is_verified": false, "name": "Конфигурирование в системе «1С:Предприятие 8». Основные объекты. ЗАО «МиСофт НВП»", "number": null, "description": "", "education_place": null, "education_speciality": null, "education_graduate": null, "competencies": []}}, {"model": "cv.cvcertificate", "pk": 9, "fields": {"created_at": "2021-08-20T16:21:57.906Z", "updated_at": "2021-08-20T16:21:57.906Z", "cv": 3, "date": null, "is_verified": false, "name": "Конфигурирование в системе «1С:Предприятие 8». Решение оперативных задач. ЗАО «МиСофт НВП»", "number": null, "description": "", "education_place": null, "education_speciality": null, "education_graduate": null, "competencies": []}}, {"model": "cv.cvcertificate", "pk": 10, "fields": {"created_at": "2021-08-20T16:21:57.954Z", "updated_at": "2021-08-20T16:21:57.954Z", "cv": 3, "date": null, "is_verified": false, "name": "Курсы английского языка Streamline", "number": null, "description": "", "education_place": null, "education_speciality": null, "education_graduate": null, "competencies": []}}, {"model": "cv.cvcertificate", "pk": 11, "fields": {"created_at": "2021-08-20T16:21:58.002Z", "updated_at": "2021-08-20T16:21:58.002Z", "cv": 3, "date": null, "is_verified": false, "name": "Курсы английского языка Образовательный центр «Лидер»", "number": null, "description": "", "education_place": null, "education_speciality": null, "education_graduate": null, "competencies": []}}, {"model": "cv.cvcertificate", "pk": 12, "fields": {"created_at": "2021-08-20T16:21:58.051Z", "updated_at": "2021-08-20T16:21:58.051Z", "cv": 3, "date": null, "is_verified": false, "name": "Онлайн-курс обучения программированию на Java javaRush.ru", "number": null, "description": "", "education_place": null, "education_speciality": null, "education_graduate": null, "competencies": []}}, {"model": "cv.cvcertificate", "pk": 13, "fields": {"created_at": "2021-08-20T16:49:55.305Z", "updated_at": "2021-08-20T16:49:55.305Z", "cv": 5, "date": "2008-08-20", "is_verified": false, "name": "Управление и поддержка Microsoft Windows Server 2003", "number": null, "description": "", "education_place": 12, "education_speciality": null, "education_graduate": null, "competencies": []}}, {"model": "cv.cvcertificate", "pk": 14, "fields": {"created_at": "2021-08-20T16:49:55.357Z", "updated_at": "2021-08-20T16:49:55.357Z", "cv": 5, "date": "2008-08-20", "is_verified": false, "name": "Использование сетевого оборудования Cisco Часть 1", "number": null, "description": "", "education_place": 12, "education_speciality": null, "education_graduate": null, "competencies": []}}, {"model": "cv.cvcertificate", "pk": 15, "fields": {"created_at": "2021-08-20T17:16:36.240Z", "updated_at": "2021-08-20T17:16:36.240Z", "cv": 8, "date": "2010-08-20", "is_verified": false, "name": "Тренинг \"Навыки эффективного взаимодействия с клиентами\"", "number": null, "description": "", "education_place": 15, "education_speciality": null, "education_graduate": null, "competencies": []}}, {"model": "cv.cvcertificate", "pk": 16, "fields": {"created_at": "2021-08-20T17:16:36.367Z", "updated_at": "2021-08-20T17:16:36.367Z", "cv": 8, "date": "2010-08-20", "is_verified": false, "name": "Тренинг \"Профессиональные навыки общения по телефону\"", "number": null, "description": "", "education_place": 16, "education_speciality": null, "education_graduate": null, "competencies": []}}]